HR+D1039_1:101,
187.836,1.69
188.309,1.69
188.782,1.69
189.255,2.69
189.728,-9.31
190.201,-14.31
190.674,-1.31
191.147,-7.31
191.619,-3.31
192.092,-10.31
192.565,-2.31
193.038,-4.31
193.511,-7.31
193.984,3.69
194.456,8.69
194.929,11.69
195.402,21.69
195.874,9.69
196.347,49.69
196.82,28.69
197.292,26.69
197.765,32.69
198.237,43.69
198.71,34.69
199.182,41.69
199.655,38.69
200.127,36.69
200.6,62.69
201.072,75.69
201.544,39.69
202.017,64.69
202.489,51.69
202.961,57.69
203.433,63.69
203.906,63.69
204.378,84.69
204.85,72.69
205.322,78.69
205.794,70.69
206.266,53.69
206.739,74.69
207.211,95.69
207.683,87.69
208.155,85.69
208.627,77.69
209.099,91.69
209.57,64.69
210.042,75.69
210.514,101.69
210.986,83.69
211.458,72.69
211.93,78.69
212.402,89.69
212.873,71.69
213.345,76.69
213.817,81.69
214.288,67.69
214.76,65.69
215.232,90.69
215.703,82.69
216.175,85.69
216.646,87.69
217.118,85.69
217.589,95.69
218.061,78.69
218.532,92.69
219.004,70.69
219.475,79.69
219.946,71.69
220.418,63.69
220.889,91.69
221.36,65.69
221.832,75.69
222.303,83.69
222.774,61.69
223.245,59.69
223.717,82.69
224.188,80.69
224.659,70.69
225.13,79.69
225.601,59.69
226.072,89.69
226.543,76.69
227.014,73.69
227.485,62.69
227.956,74.69
228.427,77.69
228.898,81.69
229.369,87.69
229.839,75.69
230.31,58.69
230.781,60.69
231.252,71.69
231.722,63.69
232.193,80.69
232.664,70.69
233.135,69.69
233.605,89.69
234.076,80.69
234.546,87.69
235.017,83.69
235.487,75.69
235.958,69.69
236.428,66.69
236.899,85.69
237.369,77.69
237.84,87.69
238.31,90.69
238.78,89.69
239.251,61.69
239.721,75.69
240.191,80.69
240.662,85.69
241.132,81.69
241.602,82.69
242.072,71.69
242.542,72.69
243.013,88.69
243.483,75.69
243.953,75.69
244.423,86.69
244.893,90.69
245.363,79.69
245.833,82.69
246.303,85.69
246.773,83.69
247.243,76.69
247.712,87.69
248.182,73.69
248.652,91.69
249.122,79.69
249.592,84.69
250.061,82.69
250.531,80.69
251.001,73.69
251.471,85.69
251.94,83.69
252.41,87.69
252.879,74.69
253.349,83.69
253.818,60.69
254.288,82.69
254.757,79.69
255.227,88.69
255.696,80.69
256.166,83.69
256.635,78.69
257.105,83.69
257.574,93.69
258.043,82.69
258.513,79.69
258.982,85.69
259.451,89.69
259.92,91.69
260.389,92.69
260.859,80.69
261.328,105.69
261.797,110.69
262.266,65.69
262.735,80.69
263.204,101.69
263.673,82.69
264.142,81.69
264.611,74.69
265.08,96.69
265.549,70.69
266.018,79.69
266.487,75.69
266.955,78.69
267.424,79.69
267.893,80.69
268.362,86.69
268.83,107.69
269.299,81.69
269.768,72.69
270.236,80.69
270.705,73.69
271.174,73.69
271.642,80.69
272.111,83.69
272.579,73.69
273.048,79.69
273.516,83.69
273.985,91.69
274.453,76.69
274.922,77.69
275.39,91.69
275.858,88.69
276.327,76.69
276.795,67.69
277.263,72.69
277.731,89.69
278.2,77.69
278.668,79.69
279.136,82.69
279.604,85.69
280.072,84.69
280.54,77.69
281.008,88.69
281.477,88.69
281.945,84.69
282.413,74.69
282.881,65.69
283.348,83.69
283.816,82.69
284.284,95.69
284.752,80.69
285.22,79.69
285.688,57.69
286.156,82.69
286.623,79.69
287.091,62.69
287.559,78.69
288.026,91.69
288.494,84.69
288.962,76.69
289.429,76.69
289.897,57.69
290.364,81.69
290.832,91.69
291.3,80.69
291.767,85.69
292.234,95.69
292.702,88.69
293.169,87.69
293.637,93.69
294.104,88.69
294.571,62.69
295.039,93.69
295.506,91.69
295.973,86.69
296.44,86.69
296.908,78.69
297.375,85.69
297.842,72.69
298.309,83.69
298.776,59.69
299.243,82.69
299.71,79.69
300.177,82.69
300.644,87.69
301.111,92.69
301.578,92.69
302.045,78.69
302.512,69.69
302.979,92.69
303.446,92.69
303.913,83.69
304.379,80.69
304.846,71.69
305.313,69.69
305.78,83.69
306.246,78.69
306.713,79.69
307.18,89.69
307.646,75.69
308.113,79.69
308.579,76.69
309.046,85.69
309.512,81.69
309.979,74.69
310.445,80.69
310.912,86.69
311.378,90.69
311.845,89.69
312.311,72.69
312.777,89.69
313.244,76.69
313.71,88.69
314.176,85.69
314.642,84.69
315.109,83.69
315.575,82.69
316.041,81.69
316.507,91.69
316.973,73.69
317.439,69.69
317.905,90.69
318.371,77.69
318.837,75.69
319.303,81.69
319.769,82.69
320.235,77.69
320.701,101.69
321.167,92.69
321.633,81.69
322.099,87.69
322.564,97.69
323.03,82.69
323.496,85.69
323.962,79.69
324.427,77.69
324.893,72.69
325.359,87.69
325.824,86.69
326.29,82.69
326.755,90.69
327.221,96.69
327.686,81.69
328.152,71.69
328.617,88.69
329.083,104.69
329.548,90.69
330.014,92.69
330.479,89.69
330.944,88.69
331.41,85.69
331.875,76.69
332.34,76.69
332.805,80.69
333.271,71.69
333.736,78.69
334.201,92.69
334.666,82.69
335.131,81.69
335.596,102.69
336.061,81.69
336.526,83.69
336.991,83.69
337.456,103.69
337.921,81.69
338.386,87.69
338.851,83.69
339.316,84.69
339.781,83.69
340.246,78.69
340.711,83.69
341.175,81.69
341.64,69.69
342.105,85.69
342.569,101.69
343.034,77.69
343.499,81.69
343.963,95.69
344.428,86.69
344.893,81.69
345.357,103.69
345.822,89.69
346.286,74.69
346.751,80.69
347.215,97.69
347.679,73.69
348.144,88.69
348.608,70.69
349.073,72.69
349.537,80.69
350.001,90.69
350.465,90.69
350.93,83.69
351.394,78.69
351.858,73.69
352.322,70.69
352.786,91.69
353.25,87.69
353.715,95.69
354.179,87.69
354.643,90.69
355.107,86.69
355.571,92.69
356.035,84.69
356.498,79.69
356.962,89.69
357.426,73.69
357.89,91.69
358.354,86.69
358.818,85.69
359.281,94.69
359.745,82.69
360.209,67.69
360.673,75.69
361.136,97.69
361.6,86.69
362.064,89.69
362.527,85.69
362.991,97.69
363.454,108.69
363.918,83.69
364.381,69.69
364.845,89.69
365.308,83.69
365.772,91.69
366.235,86.69
366.698,91.69
367.162,73.69
367.625,90.69
368.088,92.69
368.552,87.69
369.015,91.69
369.478,89.69
369.941,85.69
370.404,87.69
370.867,76.69
371.331,83.69
371.794,88.69
372.257,89.69
372.72,91.69
373.183,89.69
373.646,87.69
374.109,94.69
374.572,86.69
375.035,77.69
375.497,84.69
375.96,80.69
376.423,74.69
376.886,70.69
377.349,81.69
377.811,89.69
378.274,99.69
378.737,101.69
379.199,95.69
379.662,81.69
380.125,83.69
380.587,88.69
381.05,72.69
381.512,86.69
381.975,87.69
382.437,88.69
382.9,96.69
383.362,84.69
383.825,77.69
384.287,101.69
384.75,74.69
385.212,96.69
385.674,83.69
386.136,89.69
386.599,81.69
387.061,102.69
387.523,87.69
387.985,78.69
388.447,80.69
388.91,79.69
389.372,69.69
389.834,90.69
390.296,76.69
390.758,92.69
391.22,91.69
391.682,87.69
392.144,78.69
392.606,97.69
393.068,86.69
393.529,87.69
393.991,75.69
394.453,75.69
394.915,83.69
395.377,98.69
395.838,96.69
396.3,77.69
396.762,99.69
397.224,88.69
397.685,103.69
398.147,85.69
398.608,92.69
399.07,90.69
399.531,103.69
399.993,86.69
400.454,89.69
400.916,91.69
401.377,86.69
401.839,88.69
402.3,86.69
402.762,90.69
403.223,93.69
403.684,101.69
404.145,91.69
404.607,81.69
405.068,79.69
405.529,85.69
405.99,75.69
406.451,90.69
406.913,82.69
407.374,79.69
407.835,86.69
408.296,75.69
408.757,90.69
409.218,72.69
409.679,82.69
410.14,91.69
410.601,81.69
411.062,86.69
411.522,87.69
411.983,86.69
412.444,91.69
412.905,101.69
413.366,80.69
413.826,91.69
414.287,112.69
414.748,120.69
415.208,110.69
415.669,95.69
416.13,91.69
416.59,99.69
417.051,94.69
417.511,103.69
417.972,103.69
418.432,108.69
418.893,102.69
419.353,107.69
419.814,84.69
420.274,101.69
420.734,97.69
421.195,94.69
421.655,96.69
422.115,93.69
422.576,99.69
423.036,95.69
423.496,103.69
423.956,88.69
424.416,91.69
424.876,107.69
425.336,100.69
425.797,88.69
426.257,99.69
426.717,92.69
427.177,82.69
427.637,79.69
428.097,94.69
428.556,91.69
429.016,98.69
429.476,92.69
429.936,97.69
430.396,90.69
430.856,80.69
431.315,104.69
431.775,95.69
432.235,98.69
432.694,87.69
433.154,92.69
433.614,92.69
434.073,78.69
434.533,84.69
434.993,85.69
435.452,93.69
435.912,90.69
436.371,79.69
436.83,70.69
437.29,76.69
437.749,92.69
438.209,92.69
438.668,76.69
439.127,98.69
439.587,87.69
440.046,62.69
440.505,81.69
440.964,86.69
441.424,85.69
441.883,89.69
442.342,78.69
442.801,95.69
443.26,90.69
443.719,95.69
444.178,112.69
444.637,99.69
445.096,85.69
445.555,83.69
446.014,86.69
446.473,83.69
446.932,83.69
447.391,99.69
447.849,93.69
448.308,95.69
448.767,82.69
449.226,85.69
449.685,96.69
450.143,96.69
450.602,81.69
451.061,80.69
451.519,89.69
451.978,61.69
452.436,72.69
452.895,78.69
453.353,94.69
453.812,104.69
454.27,71.69
454.729,90.69
455.187,88.69
455.646,79.69
456.104,86.69
456.562,93.69
457.021,80.69
457.479,92.69
457.937,91.69
458.395,82.69
458.854,83.69
459.312,89.69
459.77,77.69
460.228,90.69
460.686,80.69
461.144,86.69
461.602,91.69
462.06,87.69
462.518,87.69
462.976,89.69
463.434,83.69
463.892,66.69
464.35,94.69
464.808,86.69
465.266,88.69
465.724,72.69
466.181,82.69
466.639,82.69
467.097,78.69
467.555,85.69
468.012,106.69
468.47,80.69
468.928,85.69
469.385,101.69
469.843,104.69
470.3,75.69
470.758,87.69
471.215,81.69
471.673,80.69
472.13,88.69
472.588,81.69
473.045,84.69
473.503,92.69
473.96,89.69
474.417,99.69
474.875,97.69
475.332,99.69
475.789,95.69
476.246,96.69
476.704,77.69
477.161,80.69
477.618,81.69
478.075,89.69
478.532,101.69
478.989,77.69
479.446,89.69
479.903,85.69
480.36,89.69
480.817,84.69
481.274,90.69
481.731,84.69
482.188,83.69
482.645,95.69
483.102,95.69
483.558,84.69
484.015,87.69
484.472,84.69
484.929,77.69
485.385,88.69
485.842,99.69
486.299,107.69
486.755,98.69
487.212,82.69
487.668,81.69
488.125,84.69
488.582,98.69
489.038,72.69
489.494,79.69
489.951,92.69
490.407,89.69
490.864,88.69
491.32,88.69
491.776,82.69
492.233,82.69
492.689,77.69
493.145,87.69
493.602,89.69
494.058,95.69
494.514,83.69
494.97,82.69
495.426,88.69
495.882,87.69
496.338,87.69
496.794,90.69
497.251,87.69
497.707,82.69
498.163,85.69
498.618,93.69
499.074,85.69
499.53,90.69
499.986,90.69
500.442,85.69
500.898,82.69
501.354,100.69
501.809,68.69
502.265,82.69
502.721,82.69
503.177,82.69
503.632,72.69
504.088,92.69
504.543,83.69
504.999,89.69
505.455,82.69
505.91,87.69
506.366,97.69
506.821,97.69
507.277,95.69
507.732,82.69
508.187,88.69
508.643,79.69
509.098,81.69
509.553,72.69
510.009,87.69
510.464,87.69
510.919,88.69
511.375,81.69
511.83,89.69
512.285,92.69
512.74,88.69
513.195,93.69
513.65,107.69
514.105,81.69
514.56,102.69
515.015,94.69
515.47,108.69
515.925,76.69
516.38,70.69
516.835,91.69
517.29,97.69
517.745,98.69
518.2,76.69
518.655,87.69
519.109,92.69
519.564,97.69
520.019,85.69
520.474,92.69
520.928,73.69
521.383,90.69
521.838,96.69
522.292,85.69
522.747,80.69
523.201,86.69
523.656,87.69
524.11,90.69
524.565,69.69
525.019,76.69
525.474,93.69
525.928,87.69
526.382,79.69
526.837,99.69
527.291,91.69
527.745,76.69
528.2,91.69
528.654,91.69
529.108,78.69
529.562,105.69
530.016,84.69
530.47,93.69
530.925,79.69
531.379,72.69
531.833,75.69
532.287,82.69
532.741,87.69
533.195,96.69
533.649,95.69
534.103,70.69
534.556,97.69
535.01,83.69
535.464,84.69
535.918,99.69
536.372,77.69
536.826,93.69
537.279,90.69
537.733,75.69
538.187,91.69
538.64,89.69
539.094,83.69
539.548,89.69
540.001,95.69
540.455,80.69
540.908,76.69
541.362,79.69
541.815,89.69
542.269,93.69
542.722,72.69
543.175,97.69
543.629,87.69
544.082,91.69
544.536,89.69
544.989,91.69
545.442,91.69
545.895,92.69
546.349,96.69
546.802,77.69
547.255,95.69
547.708,101.69
548.161,99.69
548.614,89.69
549.067,71.69
549.52,95.69
549.973,83.69
550.426,81.69
550.879,87.69
551.332,89.69
551.785,95.69
552.238,95.69
552.691,89.69
553.144,98.69
553.596,87.69
554.049,88.69
554.502,91.69
554.955,97.69
555.407,85.69
555.86,85.69
556.313,77.69
556.765,93.69
557.218,86.69
557.67,84.69
558.123,104.69
558.576,90.69
559.028,95.69
559.48,86.69
559.933,106.69
560.385,82.69
560.838,77.69
561.29,84.69
561.742,79.69
562.195,102.69
562.647,97.69
563.099,97.69
563.551,89.69
564.004,84.69
564.456,94.69
564.908,81.69
565.36,88.69
565.812,97.69
566.264,92.69
566.716,79.69
567.168,88.69
567.62,91.69
568.072,92.69
568.524,82.69
568.976,90.69
569.428,90.69
569.88,82.69
570.332,78.69
570.784,82.69
571.235,100.69
571.687,81.69
572.139,82.69
572.59,84.69
573.042,82.69
573.494,84.69
573.945,77.69
574.397,86.69
574.849,86.69
575.3,87.69
575.752,85.69
576.203,97.69
576.655,94.69
577.106,89.69
577.557,94.69
578.009,91.69
578.46,88.69
578.912,71.69
579.363,92.69
579.814,95.69
580.265,101.69
580.717,82.69
581.168,87.69
581.619,93.69
582.07,101.69
582.521,115.69
582.972,80.69
583.423,85.69
583.875,91.69
584.326,80.69
584.777,92.69
585.227,68.69
585.678,87.69
586.129,81.69
586.58,93.69
587.031,104.69
587.482,106.69
587.933,109.69
588.384,83.69
588.834,93.69
589.285,87.69
589.736,106.69
590.186,112.69
590.637,101.69
591.088,87.69
591.538,99.69
591.989,95.69
592.439,100.69
592.89,79.69
593.34,86.69
593.791,83.69
594.241,83.69
594.692,105.69
595.142,79.69
595.593,76.69
596.043,89.69
596.493,79.69
596.943,80.69
597.394,97.69
597.844,83.69
598.294,85.69
598.744,89.69
599.195,88.69
599.645,98.69
600.095,104.69
600.545,100.69
600.995,83.69
601.445,86.69
601.895,108.69
602.345,114.69
602.795,90.69
603.245,95.69
603.695,87.69
604.145,90.69
604.594,93.69
605.044,90.69
605.494,79.69
605.944,75.69
606.393,76.69
606.843,83.69
607.293,81.69
607.743,88.69
608.192,80.69
608.642,90.69
609.091,103.69
609.541,89.69
609.99,87.69
610.44,90.69
610.889,81.69
611.339,93.69
611.788,89.69
612.238,103.69
612.687,77.69
613.136,82.69
613.586,85.69
614.035,88.69
614.484,83.69
614.933,99.69
615.383,88.69
615.832,83.69
616.281,104.69
616.73,97.69
617.179,100.69
617.628,107.69
618.077,82.69
618.526,94.69
618.975,99.69
619.424,77.69
619.873,97.69
620.322,96.69
620.771,88.69
621.22,84.69
621.669,106.69
622.118,81.69
622.567,77.69
623.015,72.69
623.464,91.69
623.913,86.69
624.361,88.69
624.81,76.69
625.259,83.69
625.707,75.69
626.156,72.69
626.604,86.69
627.053,81.69
627.501,71.69
627.95,82.69
628.398,76.69
628.847,79.69
629.295,82.69
629.744,76.69
630.192,86.69
630.64,103.69
631.089,90.69
631.537,85.69
631.985,87.69
632.433,91.69
632.881,83.69
633.33,88.69
633.778,82.69
634.226,96.69
634.674,85.69
635.122,85.69
635.57,93.69
636.018,80.69
636.466,92.69
636.914,67.69
637.362,94.69
637.81,92.69
638.258,84.69
638.705,80.69
639.153,98.69
639.601,106.69
640.049,88.69
640.497,101.69
640.944,86.69
641.392,84.69
641.84,78.69
642.287,86.69
642.735,93.69
643.182,84.69
643.63,86.69
644.078,94.69
644.525,74.69
644.973,75.69
645.42,85.69
645.867,89.69
646.315,85.69
646.762,94.69
647.21,102.69
647.657,69.69
648.104,76.69
648.551,81.69
648.999,92.69
649.446,79.69
649.893,88.69
650.34,95.69
650.787,95.69
651.234,87.69
651.682,94.69
652.129,98.69
652.576,105.69
653.023,78.69
653.47,79.69
653.917,79.69
654.363,81.69
654.81,96.69
655.257,91.69
655.704,84.69
656.151,74.69
656.598,83.69
657.044,73.69
657.491,99.69
657.938,88.69
658.385,87.69
658.831,92.69
659.278,76.69
659.724,84.69
660.171,84.69
660.618,89.69
661.064,94.69
661.511,87.69
661.957,85.69
662.404,78.69
662.85,82.69
663.296,67.69
663.743,97.69
664.189,97.69
664.635,93.69
665.082,123.69
665.528,97.69
665.974,121.69
666.42,110.69
666.867,115.69
667.313,79.69
667.759,82.69
668.205,82.69
668.651,82.69
669.097,96.69
669.543,93.69
669.989,102.69
670.435,83.69
670.881,99.69
671.327,103.69
671.773,81.69
672.219,89.69
672.665,89.69
673.11,104.69
673.556,119.69
674.002,97.69
674.448,101.69
674.893,96.69
675.339,79.69
675.785,92.69
676.23,83.69
676.676,74.69
677.122,82.69
677.567,92.69
678.013,86.69
678.458,92.69
678.904,71.69
679.349,108.69
679.794,96.69
680.24,92.69
680.685,78.69
681.131,81.69
681.576,103.69
682.021,86.69
682.466,96.69
682.912,94.69
683.357,96.69
683.802,101.69
684.247,93.69
684.692,112.69
685.137,106.69
685.583,104.69
686.028,111.69
686.473,123.69
686.918,111.69
687.363,109.69
687.807,94.69
688.252,85.69
688.697,119.69
689.142,107.69
689.587,130.69
690.032,129.69
690.477,119.69
690.921,132.69
691.366,152.69
691.811,174.69
692.255,208.69
692.7,321.69
693.145,631.69
693.589,1639.69
694.034,3413.69
694.478,4424.69
694.923,3767.69
695.367,4138.69
695.812,1541.69
696.256,399.69
696.701,185.69
697.145,124.69
697.59,128.69
698.034,130.69
698.478,129.69
698.922,109.69
699.367,110.69
699.811,105.69
700.255,118.69
700.699,119.69
701.143,113.69
701.588,108.69
702.032,120.69
702.476,131.69
702.92,153.69
703.364,239.69
703.808,529.69
704.252,1141.69
704.696,1554.69
705.14,1295.69
705.584,1350.69
706.027,495.69
706.471,169.69
706.915,116.69
707.359,97.69
707.803,97.69
708.246,106.69
708.69,94.69
709.134,96.69
709.577,105.69
710.021,101.69
710.465,116.69
710.908,113.69
711.352,107.69
711.795,147.69
712.239,193.69
712.682,261.69
713.126,275.69
713.569,263.69
714.012,151.69
714.456,122.69
714.899,109.69
715.342,102.69
715.786,79.69
716.229,90.69
716.672,102.69
717.115,83.69
717.558,90.69
718.002,73.69
718.445,92.69
718.888,88.69
719.331,92.69
719.774,99.69
720.217,94.69
720.66,100.69
721.103,98.69
721.546,91.69
721.989,120.69
722.432,110.69
722.874,99.69
723.317,100.69
723.76,143.69
724.203,203.69
724.645,423.69
725.088,899.69
725.531,1184.69
725.974,953.69
726.416,627.69
726.859,213.69
727.301,134.69
727.744,109.69
728.187,112.69
728.629,101.69
729.071,113.69
729.514,102.69
729.956,97.69
730.399,95.69
730.841,88.69
731.283,119.69
731.726,105.69
732.168,109.69
732.61,106.69
733.053,124.69
733.495,121.69
733.937,130.69
734.379,125.69
734.821,155.69
735.263,285.69
735.705,662.69
736.148,1728.69
736.59,2846.69
737.032,2259.69
737.474,1547.69
737.916,512.69
738.357,219.69
738.799,134.69
739.241,125.69
739.683,112.69
740.125,101.69
740.567,120.69
741.008,101.69
741.45,122.69
741.892,129.69
742.334,120.69
742.775,122.69
743.217,113.69
743.658,116.69
744.1,109.69
744.542,128.69
744.983,133.69
745.425,137.69
745.866,144.69
746.307,165.69
746.749,178.69
747.19,268.69
747.632,507.69
748.073,1437.69
748.514,3157.69
748.956,3315.69
749.397,3489.69
749.838,2745.69
750.279,1880.69
750.72,870.69
751.162,310.69
751.603,203.69
752.044,149.69
752.485,137.69
752.926,135.69
753.367,145.69
753.808,145.69
754.249,133.69
754.69,137.69
755.131,144.69
755.572,143.69
756.013,147.69
756.453,165.69
756.894,185.69
757.335,174.69
757.776,173.69
758.216,166.69
758.657,171.69
759.098,196.69
759.538,219.69
759.979,338.69
760.42,595.69
760.86,1521.69
761.301,5266.69
761.741,12163.69
762.182,10936.69
762.622,6035.69
763.063,1798.69
763.503,596.69
763.943,324.69
764.384,231.69
764.824,213.69
765.264,200.69
765.705,175.69
766.145,157.69
766.585,165.69
767.025,159.69
767.465,155.69
767.906,155.69
768.346,173.69
768.786,188.69
769.226,248.69
769.666,523.69
770.106,1487.69
770.546,4607.69
770.986,5315.69
771.426,3268.69
771.866,1190.69
772.306,433.69
772.745,211.69
773.185,155.69
773.625,146.69
774.065,126.69
774.505,128.69
774.944,137.69
775.384,129.69
775.824,119.69
776.263,122.69
776.703,124.69
777.142,106.69
777.582,107.69
778.021,101.69
778.461,107.69
778.9,106.69
779.34,119.69
779.779,105.69
780.219,103.69
780.658,109.69
781.097,103.69
781.537,121.69
781.976,112.69
782.415,101.69
782.855,85.69
783.294,105.69
783.733,112.69
784.172,102.69
784.611,112.69
785.05,85.69
785.489,110.69
785.928,107.69
786.367,99.69
786.806,111.69
787.245,121.69
787.684,111.69
788.123,112.69
788.562,105.69
789.001,106.69
789.44,94.69
789.879,113.69
790.317,103.69
790.756,111.69
791.195,138.69
791.634,157.69
792.072,247.69
792.511,483.69
792.95,1662.69
793.388,2539.69
793.827,1517.69
794.265,644.69
794.704,269.69
795.142,166.69
795.581,122.69
796.019,128.69
796.458,132.69
796.896,140.69
797.334,138.69
797.773,182.69
798.211,320.69
798.649,967.69
799.087,2091.69
799.526,2273.69
799.964,2744.69
800.402,1687.69
800.84,739.69
801.278,326.69
801.716,193.69
802.154,156.69
802.592,135.69
803.03,144.69
803.468,133.69
803.906,140.69
804.344,143.69
804.782,153.69
805.22,145.69
805.658,165.69
806.096,161.69
806.533,164.69
806.971,171.69
807.409,210.69
807.847,330.69
808.284,912.69
808.722,2768.69
809.16,3069.69
809.597,4003.69
810.035,7159.69
810.472,4484.69
810.91,1880.69
811.347,687.69
811.785,326.69
812.222,176.69
812.66,183.69
813.097,173.69
813.535,135.69
813.972,124.69
814.409,121.69
814.846,124.69
815.284,129.69
815.721,120.69
816.158,129.69
816.595,106.69
817.032,103.69
817.47,120.69
817.907,128.69
818.344,114.69
818.781,101.69
819.218,111.69
819.655,124.69
820.092,107.69
820.529,114.69
820.966,106.69
821.403,125.69
821.839,112.69
822.276,109.69
822.713,137.69
823.15,147.69
823.587,173.69
824.023,285.69
824.46,1001.69
824.897,2874.69
825.333,2462.69
825.77,1081.69
826.206,441.69
826.643,251.69
827.08,133.69
827.516,120.69
827.953,111.69
828.389,125.69
828.825,115.69
829.262,103.69
829.698,107.69
830.135,104.69
830.571,97.69
831.007,123.69
831.443,107.69
831.88,113.69
832.316,108.69
832.752,120.69
833.188,112.69
833.624,108.69
834.06,117.69
834.497,121.69
834.933,102.69
835.369,110.69
835.805,113.69
836.241,111.69
836.677,124.69
837.112,115.69
837.548,145.69
837.984,171.69
838.42,234.69
838.856,714.69
839.292,1984.69
839.727,1756.69
840.163,1028.69
840.599,1441.69
841.034,2942.69
841.47,1977.69
841.906,901.69
842.341,417.69
842.777,219.69
843.212,145.69
843.648,119.69
844.083,112.69
844.519,117.69
844.954,99.69
845.39,91.69
845.825,111.69
846.261,112.69
846.696,112.69
847.131,105.69
847.566,91.69
848.002,108.69
848.437,89.69
848.872,104.69
849.307,118.69
849.742,137.69
850.177,322.69
850.613,845.69
851.048,806.69
851.483,431.69
851.918,229.69
852.353,127.69
852.788,117.69
853.223,103.69
853.657,104.69
854.092,98.69
854.527,74.69
854.962,91.69
855.397,111.69
855.832,93.69
856.266,87.69
856.701,98.69
857.136,94.69
857.57,83.69
858.005,99.69
858.44,79.69
858.874,86.69
859.309,91.69
859.743,91.69
860.178,88.69
860.612,90.69
861.047,91.69
861.481,97.69
861.915,103.69
862.35,89.69
862.784,86.69
863.218,73.69
863.653,87.69
864.087,100.69
864.521,100.69
864.955,143.69
865.39,225.69
865.824,187.69
866.258,122.69
866.692,91.69
867.126,90.69
867.56,81.69
867.994,86.69
868.428,94.69
868.862,94.69
869.296,83.69
869.73,87.69
870.164,80.69
870.598,81.69
871.031,86.69
871.465,85.69
871.899,78.69
872.333,81.69
872.766,68.69
873.2,92.69
873.634,79.69
874.067,82.69
874.501,78.69
874.935,90.69
875.368,85.69
875.802,72.69
876.235,82.69
876.669,72.69
877.102,77.69
877.535,79.69
877.969,74.69
878.402,81.69
878.836,78.69
879.269,97.69
879.702,82.69
880.135,87.69
880.569,91.69
881.002,94.69
881.435,71.69
881.868,76.69
882.301,74.69
882.734,91.69
883.167,87.69
883.601,72.69
884.034,72.69
884.467,88.69
884.899,78.69
885.332,89.69
885.765,90.69
886.198,103.69
886.631,82.69
887.064,94.69
887.497,83.69
887.929,82.69
888.362,81.69
888.795,71.69
889.228,80.69
889.66,71.69
890.093,75.69
890.526,63.69
890.958,103.69
891.391,88.69
891.823,88.69
892.256,86.69
892.688,67.69
893.121,76.69
893.553,96.69
893.985,77.69
894.418,79.69
894.85,82.69
895.282,100.69
895.715,86.69
896.147,87.69
896.579,87.69
897.011,85.69
897.444,106.69
897.876,84.69
898.308,77.69
898.74,71.69
899.172,92.69
899.604,95.69
900.036,102.69
900.468,97.69
900.9,101.69
901.332,82.69
901.764,95.69
902.196,101.69
902.628,99.69
903.06,82.69
903.491,87.69
903.923,97.69
904.355,89.69
904.787,91.69
905.218,82.69
905.65,93.69
906.082,95.69
906.513,95.69
906.945,93.69
907.376,101.69
907.808,95.69
908.239,116.69
908.671,109.69
909.102,116.69
909.534,130.69
909.965,237.69
910.397,525.69
910.828,1829.69
911.259,1805.69
911.691,1102.69
912.122,601.69
912.553,277.69
912.984,151.69
913.415,117.69
913.847,122.69
914.278,105.69
914.709,93.69
915.14,90.69
915.571,98.69
916.002,99.69
916.433,98.69
916.864,100.69
917.295,101.69
917.726,96.69
918.157,74.69
918.587,109.69
919.018,93.69
919.449,89.69
919.88,106.69
920.311,116.69
920.741,200.69
921.172,355.69
921.603,254.69
922.033,200.69
922.464,141.69
922.895,106.69
923.325,89.69
923.756,104.69
924.186,84.69
924.617,89.69
925.047,89.69
925.478,104.69
925.908,72.69
926.338,75.69
926.769,96.69
927.199,81.69
927.629,86.69
928.06,87.69
928.49,75.69
928.92,92.69
929.35,87.69
929.78,85.69
930.21,77.69
930.641,87.69
931.071,80.69
931.501,89.69
931.931,71.69
932.361,96.69
932.791,79.69
933.221,79.69
933.651,95.69
934.08,96.69
934.51,96.69
934.94,103.69
935.37,95.69
935.8,75.69
936.229,76.69
936.659,92.69
937.089,86.69
937.519,92.69
937.948,84.69
938.378,92.69
938.807,91.69
939.237,83.69
939.666,85.69
940.096,100.69
940.525,92.69
940.955,79.69
941.384,93.69
941.814,96.69
942.243,76.69
942.672,80.69
943.102,79.69
943.531,104.69
943.96,80.69
944.39,89.69
944.819,103.69
945.248,68.69
945.677,85.69
946.106,80.69
946.535,91.69
946.964,84.69
947.393,69.69
947.822,68.69
948.251,76.69
948.68,86.69
949.109,68.69
949.538,89.69
949.967,95.69
950.396,90.69
950.825,81.69
951.254,72.69
951.682,90.69
952.111,74.69
952.54,84.69
952.969,73.69
953.397,94.69
953.826,86.69
954.254,73.69
954.683,84.69
955.112,85.69
955.54,93.69
955.969,104.69
956.397,89.69
956.826,92.69
957.254,83.69
957.682,79.69
958.111,90.69
958.539,87.69
958.967,100.69
959.396,88.69
959.824,83.69
960.252,91.69
960.68,89.69
961.109,73.69
961.537,87.69
961.965,93.69
962.393,71.69
962.821,83.69
963.249,87.69
963.677,91.69
964.105,134.69
964.533,329.69
964.961,279.69
965.389,218.69
965.817,153.69
966.245,107.69
966.672,87.69
967.1,74.69
967.528,97.69
967.956,78.69
968.383,76.69
968.811,71.69
969.239,57.69
969.666,79.69
970.094,88.69
970.522,91.69
970.949,84.69
971.377,82.69
971.804,75.69
972.232,84.69
972.659,77.69
973.087,63.69
973.514,85.69
973.941,89.69
974.369,79.69
974.796,80.69
975.223,91.69
975.651,95.69
976.078,83.69
976.505,81.69
976.932,69.69
977.359,97.69
977.786,91.69
978.214,87.69
978.641,91.69
979.068,84.69
979.495,65.69
979.922,88.69
980.349,77.69
980.776,83.69
981.202,69.69
981.629,91.69
982.056,83.69
982.483,83.69
982.91,74.69
983.337,90.69
983.763,88.69
984.19,86.69
984.617,81.69
985.043,75.69
985.47,85.69
985.897,80.69
986.323,99.69
986.75,90.69
987.176,76.69
987.603,86.69
988.029,95.69
988.456,82.69
988.882,73.69
989.308,79.69
989.735,89.69
990.161,77.69
990.587,79.69
991.014,69.69
991.44,108.69
991.866,81.69
992.292,85.69
992.719,86.69
993.145,64.69
993.571,85.69
993.997,76.69
994.423,75.69
994.849,84.69
995.275,81.69
995.701,71.69
996.127,83.69
996.553,81.69
996.979,95.69
997.405,94.69
997.83,85.69
998.256,72.69
998.682,85.69
999.108,83.69
999.534,91.69
999.959,59.69
1000.385,84.69
1000.811,93.69
1001.236,75.69
1001.662,83.69
1002.087,67.69
1002.513,92.69
1002.938,77.69
1003.364,85.69
1003.789,63.69
1004.215,76.69
1004.64,91.69
1005.066,74.69
1005.491,93.69
1005.916,78.69
1006.342,83.69
1006.767,79.69
1007.192,83.69
1007.617,96.69
1008.042,83.69
1008.468,72.69
1008.893,83.69
1009.318,72.69
1009.743,82.69
1010.168,74.69
1010.593,73.69
1011.018,78.69
1011.443,77.69
1011.868,79.69
1012.293,72.69
1012.718,64.69
1013.143,87.69
1013.567,95.69
1013.992,79.69
1014.417,79.69
1014.842,77.69
1015.267,87.69
1015.691,80.69
1016.116,75.69
1016.541,66.69
1016.965,71.69
1017.39,96.69
1017.814,76.69
1018.239,80.69
1018.663,77.69
1019.088,71.69
1019.512,76.69
1019.937,87.69
1020.361,106.69
1020.785,75.69
1021.21,81.69
1021.634,71.69
1022.058,95.69
1022.483,89.69
1022.907,74.69
1023.331,89.69
1023.755,72.69
1024.179,89.69
1024.604,73.69
1025.028,55.69
1025.452,79.69
1025.876,91.69
1026.3,97.69
1026.724,82.69
1027.148,96.69
1027.572,87.69
1027.996,83.69
1028.42,80.69
1028.843,68.69
1029.267,72.69
1029.691,76.69
1030.115,84.69
1030.539,79.69
1030.962,68.69
1031.386,86.69
1031.81,75.69
1032.233,84.69
1032.657,91.69
1033.08,76.69
1033.504,86.69
1033.927,82.69
1034.351,88.69
1034.774,74.69
1035.198,77.69
1035.621,66.69
1036.045,70.69
1036.468,82.69
1036.891,94.69
1037.315,96.69
1037.738,92.69
1038.161,85.69
1038.584,90.69
1039.008,69.69
1039.431,94.69
1039.854,93.69
1040.277,76.69
1040.7,81.69
1041.123,85.69
1041.546,78.69
1041.969,77.69
1042.392,68.69
1042.815,88.69
1043.238,90.69
1043.661,83.69
1044.084,84.69
1044.507,78.69
1044.93,77.69
1045.352,83.69
1045.775,87.69
1046.198,87.69
1046.621,100.69
1047.043,94.69
1047.466,79.69
1047.889,78.69
1048.311,80.69
1048.734,84.69
1049.156,74.69
1049.579,87.69
1050.001,82.69
1050.424,77.69
1050.846,93.69
1051.269,85.69
1051.691,72.69
1052.113,80.69
1052.536,73.69
1052.958,86.69
1053.38,85.69
1053.802,86.69
1054.225,88.69
1054.647,78.69
1055.069,80.69
1055.491,79.69
1055.913,75.69
1056.335,88.69
1056.757,82.69
1057.179,89.69
1057.601,87.69
1058.023,87.69
1058.445,89.69
1058.867,81.69
1059.289,84.69
1059.711,78.69
1060.133,75.69
1060.555,83.69
1060.976,86.69
1061.398,88.69
1061.82,102.69
1062.241,90.69
1062.663,88.69
1063.085,80.69
1063.506,82.69
1063.928,82.69
1064.35,73.69
1064.771,76.69
1065.193,78.69
1065.614,77.69
1066.035,61.69
1066.457,89.69
1066.878,83.69
1067.3,81.69
1067.721,89.69
1068.142,81.69
1068.564,85.69
1068.985,75.69
1069.406,73.69
1069.827,62.69
1070.248,65.69
1070.67,83.69
1071.091,68.69
1071.512,75.69
1071.933,80.69
1072.354,69.69
1072.775,95.69
1073.196,84.69
1073.617,81.69
1074.038,89.69
1074.459,86.69
1074.88,77.69
1075.3,86.69
1075.721,81.69
1076.142,76.69
1076.563,83.69
1076.983,85.69
1077.404,90.69
1077.825,71.69
1078.246,82.69
1078.666,81.69
1079.087,79.69
1079.507,79.69
1079.928,80.69
1080.348,88.69
1080.769,80.69
1081.189,80.69
1081.61,74.69
1082.03,68.69
1082.451,87.69
1082.871,87.69
1083.291,66.69
1083.711,83.69
1084.132,78.69
1084.552,87.69
1084.972,81.69
1085.392,88.69
1085.813,87.69
1086.233,86.69
1086.653,89.69
1087.073,85.69
1087.493,76.69
1087.913,77.69
1088.333,94.69
1088.753,91.69
1089.173,73.69
1089.593,87.69
1090.013,81.69
1090.433,73.69
1090.852,75.69
1091.272,93.69
1091.692,85.69
1092.112,82.69
1092.531,89.69
1092.951,91.69
1093.371,91.69
1093.79,89.69
1094.21,73.69
1094.63,92.69
1095.049,81.69
1095.469,75.69
1095.888,106.69
1096.308,79.69
1096.727,99.69
1097.146,84.69
1097.566,82.69
1097.985,66.69
1098.405,79.69
1098.824,81.69
1099.243,82.69
1099.662,84.69
1100.082,83.69
1100.501,76.69
1100.92,82.69
1101.339,86.69
1101.758,85.69